name,eeg_value,mean_k
somay,7.304625363357135e-09,0.051123403
shivam,7.253146185670112e-09,0.014683761
amanfinal,7.1296228943309794e-09,0.17357627
janesh,6.538121795025992e-09,0.04715066
lakshya2,8.047246549522466e-09,0.0955122
kumarfinal,6.800239792687266e-09,0.02377592
abhishek,6.31229691392375e-09,0.0955122
abhas,7.67528572181959e-09,0.8274755
ananya,6.593859827768022e-09,0.095532626
paras,6.995065448713118e-09,0.011444095
aryanwalecha,6.440847383386803e-09,0.0955122
